0x540A6950376edC97D449EcCfd1987C100843Be72,10829568545960678
0x586b20a7227857ECec010A37e6A89149A2a632C8,0
0xf6f6C75478A7DA8332B30AD28Ce389F3De4cBA95,8227975674115471
0x701d7ec468a8fF9Bd4B76Be049e40cAB79fb3310,2115767451306543
0xAbD8Cee5a93265fc7D1F9e45f0169294d01B8802,0
0xEf736f0036647A1B6828c92A9fEe27a6DDC2B250,71768000566052830
0x3e465ABFa9b2A7E18a610F489fb3510765461d13,25506541165457452
0x327b0c1Ecd110651dC9994b6764b695c9cdC29bA,75852080678534087
0x5FecD240ad629B2De86b87C6cd59a448F2168362,5936061122831751
0x61d2b9111F3cA83787006554C8Bc2a8b2207A8E8,162943065952604
0x568b9bFfF4a3a7C7351db84EC2F4Ad4CA147A1D0,5777974387117874
0xD903636293da47B66861BE87B360C795fda43F5f,0
0x1d8E302E451b6698f000809DCB7F51AE4b708936,0
0x3BBD1Bcb25dd27bFcEdbDe6C173C2ca35Be62150,2360430352416
0x15Fab1cC5262D69853b1196f74d38C7FC96Fc6D7,497593138341354
0x4e3072f7b5C075EA5FdEb423DA95312C4B99dc22,17434962681065019
0x51D69A3d4a666fb658c22f761b5b87E04Ecf99Ae,32427743799924
0x1Bb4c08d421BB32e75E50F50828b51507d6739e1,1174554388968507
0x2d59CD7112E36a223807C08a636CBd51eC928c6C,640739188755737
0x46Ad79eFd29B4212eE2dB32153c682Db06614Ce5,63198052390096
0x9A1e0c819F4e6608082cc28D515648edAb043B85,163380257225904
0xA45e4DA10f86579FF2D37CBf29Fc7B27C08A22fA,5978774916803374
0x4f6502A9e4f133122e88C58B4aE4ba2d537B19D4,1651356690059052
0xb05e707879eA4ecD09392A7c78C05aA76f4c86E3,127625555397422
0xE83906d6C19939DcC3FFCC317556D940C87847ec,0
0xAf4807D083287f205d897e6D00c6FdE1bF0A241A,440834205968209
0xEF3253E2FaAA98A403253e3777708bDaf58546a9,514817848253843
0x4326434696309A2CbDD6DB422afF4f7b268ADD60,3186833985236650
0x38123a191e9685448658d2207B0543E2Fb9282cC,774853649426034
0x88D2C34c3c59069F823d9F5011662b6111862282,504403847599807
0x07F2A8C405e643D0c97c382911a1097060f14FFb,65220850173369
0xF968030893d9A02f51D135c5EeF17513A2981acA,5217544292094044
0xFA4572b4E734587Fe0b4d415a92E6654C0c71460,217767658618779
0x6192613bb2E3A3A4B895Bd54f93d57e9d382632B,40270410589956
0x6eFcAD620d99e788baE23E8A9515CdFF4c83136B,783458444713
0xEdd000B7Db3cb8931d4E0cb1D0DBe6B947Ceb09A,2556405786631689
0x70511BFE07d9E9599A93d5a7B9F6e1C30fbeC695,1668928090942677
0x4DD3fEfA24615591262173B49d04f37c515742A2,186361437595511
0x0F9C6A9d8f9729aB07b5b2B870Ce8122E76708b0,595147816115490
0x1eEcB56f3aA2A3aE066595122Fc3e7C299f985FB,663195571071
0x9595Eb47613d278da676acC6adC0e1B5fB0D752e,0
0x48AB590393CcE03e0f34F6450B0B5ADCa9348e43,3056423651842
0x36E9a9184787346215F8b41cc4c1cf75C3df14Ce,24291561948627
